epochs,training_loss,validation_loss
1,0.46271200114686856,0.38997013661552404
2,0.39606504042776125,0.3707120451545648
3,0.38005844816650103,0.3598491923948445
4,0.37242698388580964,0.35051522059194345
5,0.36312885212877555,0.35355847372509325
6,0.3593404652804901,0.34376556455676793
7,0.35654449503351726,0.3433916633605163
8,0.3520141517103104,0.33450450430162343
9,0.3474374067782484,0.33647553414320114
10,0.34628161283160824,0.3355642748003268
